id,nome,email,endereco,criado_em
88083637,Gustavo da Luz,davilima@example.net,Rodovia de das Neves 79 Brazil,2023-02-23 16:19:08
48366278,Murilo Almeida,thomas89@example.net,Largo Sophie Rezende 31 Brazil,2023-02-23 16:19:08
98623175,Daniela da Rocha,rcostela@example.net,Alameda Araújo 31 Brazil,2023-02-23 16:19:09
75630103,Maria Clara Campos,pedro-lucasbarbosa@example.org,Praça de Souza 70 Brazil,2023-02-23 16:19:09
38390435,Emanuella Cunha,caue48@example.com,Praia de Teixeira 55 Brazil,2023-02-23 16:19:09
72192702,Sophie das Neves,maria-julia72@example.org,Estação de Martins Brazil,2023-02-23 16:19:09
21473021,Vitor Gabriel Monteiro,da-costapietro@example.com,Trecho Pedro Cavalcanti 757 Brazil,2023-02-23 16:19:09
66901,Cecília Porto,piresagatha@example.net,Esplanada Yago da Costa 991 Brazil,2023-02-23 16:19:09
11623081,Dr. João Gabriel da Cruz,larissaazevedo@example.org,Estrada da Rocha 17 Brazil,2023-02-23 16:19:09
69578919,Isis Pereira,alice02@example.net,Recanto de Rodrigues 61 Brazil,2023-02-23 16:19:11
54961860,Ana Vitória Alves,maragao@example.com,Esplanada Silva 50 Brazil,2023-02-23 16:19:11
11945881,Bruno Campos,clarada-paz@example.com,Rua Ana Júlia Melo Brazil,2023-02-23 16:19:11
5178953,André Nogueira,nina69@example.org,Passarela Cunha 193 Brazil,2023-02-23 16:19:11
99607088,Clarice Costa,isabellanovaes@example.net,Lagoa Maysa Melo 5 Brazil,2023-02-23 16:19:11
66630864,Emanuelly Rocha,davisantos@example.org,Jardim de Pereira 22 Brazil,2023-02-23 16:19:11
21920033,Enzo Gabriel Nunes,mariada-costa@example.com,Favela Nunes 45 Brazil,2023-02-23 16:19:11
83723721,Dr. Pedro Miguel da Paz,eteixeira@example.com,Rua de Pires 72 Brazil,2023-02-23 16:19:11
48236731,Dr. Lorenzo da Cruz,carvalhopedro-henrique@example.com,Pátio de Castro Brazil,2023-02-23 16:19:12
73380244,Mirella Dias,davi-lucasfarias@example.net,Setor Emanuelly Gomes 87 Brazil,2023-02-23 16:19:14
82910461,Ana Luiza Vieira,maiteporto@example.net,Campo Nogueira 728 Brazil,2023-02-23 16:19:14
7832279,Helena Pinto,sabrinafreitas@example.org,Núcleo da Conceição Brazil,2023-02-23 16:19:14
6492536,Bruno Pereira,kamilly45@example.org,Sítio Fogaça 34 Brazil,2023-02-23 16:19:14
65804339,Renan Barbosa,antoniocavalcanti@example.org,Setor Duarte 10 Brazil,2023-02-23 16:19:14
88877193,Rafael Duarte,marcos-vinicius58@example.org,Lago Calebe Aragão Brazil,2023-02-23 16:19:14
43244501,Ana Clara Cardoso,isiscaldeira@example.com,Trevo de da Cruz 657 Brazil,2023-02-23 16:19:14
44331512,Srta. Ana Laura Fernandes,ana-juliafogaca@example.org,Feira Felipe Moura 79 Brazil,2023-02-23 16:19:14
77906000,Benjamin Castro,manuelasantos@example.net,Viaduto Ana Sophia Barbosa 37 Brazil,2023-02-23 16:19:16
70003408,Emanuella Lopes,evelyn65@example.org,Setor Carvalho 33 Brazil,2023-02-23 16:19:16
30363871,Nicolas Jesus,sophiecorreia@example.com,Vila Castro 99 Brazil,2023-02-23 16:19:16
84502970,Guilherme Cunha,isilveira@example.net,Sítio Maria Luiza Peixoto 346 Brazil,2023-02-23 16:19:16
12819706,Nicole Almeida,scavalcanti@example.net,Quadra de da Rocha 525 Brazil,2023-02-23 16:19:16
38369535,Alexandre Lopes,rodrigopereira@example.net,Pátio Pietro Duarte 71 Brazil,2023-02-23 16:19:16
66707825,Vitor Hugo Viana,ecardoso@example.org,Praia Martins 12 Brazil,2023-02-23 16:19:16
46852270,Natália da Paz,luccabarros@example.net,Estação Miguel Costela 669 Brazil,2023-02-23 16:19:16
11142493,Sabrina Correia,agoncalves@example.com,Praia Porto 82 Brazil,2023-02-23 16:19:18
60573518,Sra. Júlia Vieira,zda-paz@example.org,Fazenda Maria Clara Jesus 81 Brazil,2023-02-23 16:19:20
39108329,Milena Moura,da-conceicaoalana@example.net,Trecho Cardoso 3 Brazil,2023-02-23 16:19:20
2496108,Dra. Sarah Monteiro,souzacaroline@example.com,Estação João Guilherme Moreira 817 Brazil,2023-02-23 16:19:20
69512240,Igor Carvalho,nteixeira@example.org,Vereda Ana Nascimento 16 Brazil,2023-02-23 16:19:22
41856923,Ana Freitas,azevedolucas@example.net,Residencial Nathan Moreira 30 Brazil,2023-02-23 16:19:22
37840102,Yuri Monteiro,costabryan@example.org,Viela de da Rosa 6 Brazil,2023-02-23 16:19:24
69824201,João Guilherme Costa,jmonteiro@example.net,Área Eloah Teixeira 66 Brazil,2023-02-23 16:19:24
43095859,Clara Porto,xvieira@example.net,Rodovia da Costa 4 Brazil,2023-02-23 16:19:24
34025746,Camila Almeida,theoramos@example.org,Praia Pietra da Mata 61 Brazil,2023-02-23 16:19:24
4976430,João Pedro Dias,nfernandes@example.org,Residencial Nina Moraes 70 Brazil,2023-02-23 16:19:25
37527120,Luiz Felipe da Mata,esthercampos@example.net,Campo Luana Alves 15 Brazil,2023-02-23 16:19:27
43281243,Sra. Isadora Alves,piresdavi@example.org,Rodovia de da Mota 64 Brazil,2023-02-23 16:19:27
21060652,Lucas Gabriel da Mota,dfogaca@example.org,Campo Ana Vitória Araújo Brazil,2023-02-23 16:19:27
69320122,Dra. Caroline Rezende,emanuellada-paz@example.net,Estrada Viana 901 Brazil,2023-02-23 16:19:27
50209278,Kaique Costela,jesussarah@example.com,Feira Porto 858 Brazil,2023-02-23 16:19:27
9588567,Anthony Pinto,daviribeiro@example.com,Lago de Moreira 2 Brazil,2023-02-23 16:19:28
94034551,Nathan Santos,stellamendes@example.com,Jardim de Cardoso 87 Brazil,2023-02-23 16:19:30
89218120,Yago Araújo,vitoriacosta@example.net,Largo Novaes 39 Brazil,2023-02-23 16:19:30
10767648,Mariane Pires,kazevedo@example.org,Sítio Aragão 163 Brazil,2023-02-23 16:19:30
19870119,Marcela Porto,pintopietro@example.org,Sítio Júlia da Conceição 88 Brazil,2023-02-23 16:19:31
39993755,Mariane Nogueira,ada-rosa@example.net,Residencial Lopes 24 Brazil,2023-02-23 16:19:32
7162393,Thales Porto,joao-felipesales@example.net,Lago Barbosa 811 Brazil,2023-02-23 16:19:32
61840742,Sr. Rafael da Cunha,amanda15@example.org,Núcleo de da Luz 950 Brazil,2023-02-23 16:19:32
21976081,João Miguel Ramos,isaacferreira@example.net,Vila Gabriel Dias 3 Brazil,2023-02-23 16:19:32
23080574,Milena Freitas,lmonteiro@example.org,Residencial Marcelo da Luz 53 Brazil,2023-02-23 16:19:32
90074534,Mariana Moreira,ocunha@example.com,Favela de Barros 92 Brazil,2023-02-23 16:19:34
56432574,Maria Luiza Pires,gabriellyfreitas@example.com,Estrada da Rosa 56 Brazil,2023-02-23 16:19:34
28640059,Sr. João Lucas Viana,rafael01@example.net,Chácara de Aragão 322 Brazil,2023-02-23 16:19:34
17175806,Emanuelly da Rosa,pcosta@example.com,Estrada de Lopes Brazil,2023-02-23 16:19:35
46373372,Dr. Leonardo Carvalho,joao-vitor65@example.org,Conjunto de Farias 50 Brazil,2023-02-23 16:19:35
24188134,João Guilherme Alves,fda-conceicao@example.org,Praia Mendes 9 Brazil,2023-02-23 16:19:35
93374405,Isadora Caldeira,maria-vitoria73@example.net,Condomínio de Silva Brazil,2023-02-23 16:19:35
86620761,Theo Peixoto,cardosobarbara@example.net,Ladeira Alexandre Pereira 451 Brazil,2023-02-23 16:19:35
45570880,Laís Santos,mouraenrico@example.org,Quadra Miguel da Luz Brazil,2023-02-23 16:19:35
37720321,Dr. João Miguel Caldeira,da-cruzana-carolina@example.com,Favela Cunha 685 Brazil,2023-02-23 16:19:35
38150119,Thomas da Rocha,brenda49@example.net,Praia de Carvalho 52 Brazil,2023-02-23 16:19:37
98455741,Luana Alves,aragaonina@example.com,Vale de Azevedo 294 Brazil,2023-02-23 16:19:39
88529208,Murilo Lopes,ana-sophia51@example.net,Setor Lima 4 Brazil,2023-02-23 16:19:39
67115109,João Miguel Cardoso,yuricampos@example.net,Praça de Lima Brazil,2023-02-23 16:19:39
53533100,Ana Beatriz Peixoto,isabellydias@example.org,Via Freitas 2 Brazil,2023-02-23 16:19:39
61099614,Lorena da Cunha,pmoreira@example.net,Jardim Leandro da Cruz 8 Brazil,2023-02-23 16:19:39
86313580,Vitor Farias,ramosvicente@example.com,Parque de Ferreira 27 Brazil,2023-02-23 16:19:39
87053180,Agatha da Mata,costamarcelo@example.com,Lago de Fernandes 71 Brazil,2023-02-23 16:19:39
38806570,Sarah Barros,vrocha@example.net,Condomínio Rodrigues 7 Brazil,2023-02-23 16:19:39
51030043,Alana Santos,eduardolima@example.com,Parque de Moreira 8 Brazil,2023-02-23 16:20:31
33753233,Bruna Silveira,julia68@example.org,Fazenda Aragão 98 Brazil,2023-02-23 16:20:33
85313128,Kamilly Nunes,marina88@example.com,Trecho da Cunha 75 Brazil,2023-02-23 16:20:33
53863068,Srta. Maria Alice da Rosa,ana-livia18@example.com,Área de Ferreira 49 Brazil,2023-02-23 16:20:33
95390856,Fernando Moraes,fogacalucca@example.com,Conjunto Ana Lívia Caldeira 12 Brazil,2023-02-23 16:20:33
30729237,João Vitor Vieira,livia95@example.org,Condomínio da Cruz 25 Brazil,2023-02-23 16:20:35
66909451,Luiz Henrique Caldeira,vieiracecilia@example.com,Aeroporto de Viana 993 Brazil,2023-02-23 16:20:35
34609476,Vicente Costa,davi-luccaazevedo@example.com,Favela de Nascimento 33 Brazil,2023-02-23 16:20:35
61487014,André Fogaça,vianaantonio@example.org,Condomínio Sophie da Mata 97 Brazil,2023-02-23 16:20:35
60905490,Carlos Eduardo Barros,felipe78@example.org,Condomínio Esther Rezende 64 Brazil,2023-02-23 16:20:35
89454628,Ian da Mata,zda-mota@example.org,Trevo da Conceição 67 Brazil,2023-02-23 16:20:35
95521807,Rodrigo Cunha,pintoalexia@example.net,Condomínio de Alves 198 Brazil,2023-02-23 16:20:35
85241966,Sr. Lorenzo Costela,portokamilly@example.net,Área Almeida 17 Brazil,2023-02-23 16:20:36
85150442,Dr. Cauê Novaes,otaviosilveira@example.org,Vila de Gomes 82 Brazil,2023-02-23 16:20:38
16129607,Nicolas Costa,freitasyuri@example.org,Vale Luiz Otávio Jesus Brazil,2023-02-23 16:20:38
64785984,Pietro Silva,nathanduarte@example.org,Setor Farias 29 Brazil,2023-02-23 16:20:38
1888067,Henrique da Luz,leandrolopes@example.org,Praça de da Rocha 92 Brazil,2023-02-23 16:20:38
26413308,Marcelo Barbosa,piresguilherme@example.com,Quadra de Oliveira 53 Brazil,2023-02-23 16:20:38
72039226,Stephany Novaes,caldeiraeloah@example.org,Favela de Gonçalves 81 Brazil,2023-02-23 16:20:39
60359176,Nina Costa,da-conceicaoleandro@example.com,Estrada Fernandes 998 Brazil,2023-02-23 16:20:39
39006479,Sra. Mariana Correia,rochabernardo@example.net,Favela Maria Alice Duarte 42 Brazil,2023-02-23 16:20:39
74580419,Sra. Maria Fernanda Campos,clariceda-cruz@example.org,Núcleo de Gonçalves 42 Brazil,2023-02-23 16:20:39
70803876,Bárbara Moraes,yda-mota@example.net,Ladeira Nathan Pires 22 Brazil,2023-02-23 16:20:39
54217593,Thales Nogueira,lucas89@example.org,Distrito Vinicius Souza 12 Brazil,2023-02-23 16:20:39
1987818,Sofia Pinto,hbarros@example.com,Parque de Gonçalves 23 Brazil,2023-02-23 16:20:41
53097720,Luiz Otávio Jesus,nunesmilena@example.org,Largo de Gomes 15 Brazil,2023-02-23 16:20:41
39337690,Rodrigo Campos,ana-beatrizaragao@example.com,Estrada Peixoto 660 Brazil,2023-02-23 16:20:41
38118853,Davi Azevedo,davi46@example.org,Ladeira de Silva Brazil,2023-02-23 16:20:41
3705816,Gabrielly da Luz,enrico58@example.org,Colônia de da Mata 12 Brazil,2023-02-23 16:20:41
6753734,Bruna da Paz,danielaalves@example.net,Recanto Yuri Costa 33 Brazil,2023-02-23 16:20:42
73655442,Gabriela Moraes,gustavonascimento@example.org,Aeroporto de Castro 85 Brazil,2023-02-23 16:20:42
94111110,Gabriela Martins,dcastro@example.com,Colônia Ian da Rosa 68 Brazil,2023-02-23 16:20:44
46290320,Sr. Gustavo Silva,raquelvieira@example.net,Esplanada Alexandre Ferreira 200 Brazil,2023-02-23 16:20:44
52886329,Sra. Rebeca da Mota,melissa13@example.net,Trecho Monteiro 98 Brazil,2023-02-23 16:20:44
31063178,Fernando Nunes,kevinnovaes@example.org,Lagoa Julia Cavalcanti 8 Brazil,2023-02-23 16:20:45
91154085,Sr. Paulo Souza,barrosolivia@example.net,Travessa de Jesus 9 Brazil,2023-02-23 16:20:45
64118169,André Carvalho,luiz-miguel82@example.com,Pátio Evelyn Cavalcanti 26 Brazil,2023-02-23 16:20:45
82089868,Pedro Almeida,brunoda-cunha@example.com,Viaduto de Monteiro 72 Brazil,2023-02-23 16:20:46
82328098,Kevin Caldeira,gfreitas@example.org,Sítio da Costa 4 Brazil,2023-02-23 16:20:46
51270062,Elisa Porto,rda-luz@example.org,Trecho Moura 74 Brazil,2023-02-23 16:20:46
12641641,Igor das Neves,ana-juliacorreia@example.net,Praia Yasmin da Mota Brazil,2023-02-23 16:20:46
33958337,Carolina Correia,camila64@example.com,Rodovia das Neves 961 Brazil,2023-02-23 16:20:47
71857335,Dr. Samuel Castro,ana-liviada-cunha@example.org,Recanto Ramos 67 Brazil,2023-02-23 16:20:47
28501152,Agatha Caldeira,bcardoso@example.org,Alameda de Martins 794 Brazil,2023-02-23 16:20:47
51830491,Dr. Vicente Nogueira,qdas-neves@example.com,Parque Moreira Brazil,2023-02-23 16:20:47
10670164,Sra. Alícia da Costa,yago00@example.com,Rodovia da Mota 337 Brazil,2023-02-23 16:20:47
58649468,André Melo,da-rosaana-luiza@example.com,Recanto Daniela Cardoso Brazil,2023-02-23 16:20:47
65852619,João Vitor Santos,ramosvalentina@example.org,Rua de Correia 37 Brazil,2023-02-23 16:20:47
27043909,Mariana Caldeira,fernandesthomas@example.org,Vale de Lima Brazil,2023-02-23 16:20:47
81221077,Antônio Jesus,maiteda-costa@example.com,Via de Farias 62 Brazil,2023-02-23 16:20:49
43116300,Gustavo Ferreira,hsales@example.net,Núcleo de Nogueira 59 Brazil,2023-02-23 16:20:49
65993591,Clara Lima,zda-cunha@example.net,Praia da Conceição 89 Brazil,2023-02-23 16:20:50
7185777,Bianca da Cunha,ana-julia81@example.net,Fazenda Castro 20 Brazil,2023-02-23 16:20:50
89349400,Leandro Ramos,wcarvalho@example.net,Campo Brenda Cavalcanti 46 Brazil,2023-02-23 16:20:50
55627932,Manuela Monteiro,joanada-costa@example.org,Lago Carvalho 4 Brazil,2023-02-23 16:20:50
7288543,Sr. Vitor Gabriel Jesus,augusto39@example.org,Recanto Barbosa Brazil,2023-02-23 16:20:51
49069497,Murilo Costa,da-pazenrico@example.org,Campo de da Mota 79 Brazil,2023-02-23 16:20:51
72611086,Sra. Maria Vitória Peixoto,dbarros@example.com,Recanto Carolina Barbosa 34 Brazil,2023-02-23 16:20:51
4333762,Francisco Gonçalves,paulo57@example.org,Colônia Felipe Carvalho 929 Brazil,2023-02-23 16:20:51
66417317,Luna Nogueira,joao45@example.org,Rua Vieira 176 Brazil,2023-02-23 16:20:51
3733018,Amanda Porto,yasminpereira@example.com,Trecho Sophie Jesus 43 Brazil,2023-02-23 16:20:53
42566750,Gabrielly Peixoto,diaskamilly@example.org,Passarela Juliana da Rocha Brazil,2023-02-23 16:20:53
57522196,Ana Julia Azevedo,theojesus@example.net,Residencial Teixeira 39 Brazil,2023-02-23 16:20:53
620720,Lorenzo Moreira,kaique63@example.com,Conjunto de Alves 7 Brazil,2023-02-23 16:20:53
18008045,Gabriela Peixoto,peixotovitor-hugo@example.org,Ladeira de Lopes 77 Brazil,2023-02-23 16:20:53
34129867,Gabriel da Mota,cauarocha@example.com,Alameda Miguel Correia 712 Brazil,2023-02-23 16:20:53
74058695,Camila Teixeira,elisa33@example.net,Via Ana Luiza Freitas 359 Brazil,2023-02-23 16:20:53
43702764,Nathan da Mata,vda-rocha@example.com,Área Beatriz da Rosa Brazil,2023-02-23 16:20:54
71650174,Laura da Mota,zcastro@example.com,Distrito de Martins 43 Brazil,2023-02-23 16:20:54
40753256,Heloísa Oliveira,bjesus@example.org,Alameda de Castro Brazil,2023-02-23 16:20:56
77562656,Amanda das Neves,antonio61@example.net,Área de Sales 65 Brazil,2023-02-23 16:20:56
92232408,Srta. Caroline Cunha,cvieira@example.com,Aeroporto de Gomes 16 Brazil,2023-02-23 16:20:56
35460075,Carlos Eduardo Cardoso,da-rochagiovanna@example.org,Passarela Carolina Fogaça 86 Brazil,2023-02-23 16:20:56
6660251,Gustavo Henrique Cardoso,da-cunhaemanuella@example.net,Quadra João Miguel Moraes 4 Brazil,2023-02-23 16:20:56
63723657,Eduarda Correia,oliviaaraujo@example.org,Núcleo de Campos Brazil,2023-02-23 16:20:56
54957109,Maria Fernanda Porto,fogacalarissa@example.com,Viaduto de Alves 63 Brazil,2023-02-23 16:20:58
73274819,Marina Carvalho,yago00@example.net,Lago Novaes 661 Brazil,2023-02-23 16:20:58
99332926,Luna Mendes,psantos@example.net,Praça Marcelo Nunes 34 Brazil,2023-02-23 16:20:58
48270239,Vinicius Martins,bruna56@example.net,Colônia da Mata 53 Brazil,2023-02-23 16:20:58
32922329,Srta. Catarina Ferreira,ana-livia43@example.net,Loteamento Caldeira 66 Brazil,2023-02-23 16:20:58
58133512,Augusto Cunha,ida-luz@example.net,Condomínio de Campos 6 Brazil,2023-02-23 16:20:58
24905000,Caroline Cardoso,pereirapedro-lucas@example.net,Estrada Bruno Novaes 27 Brazil,2023-02-23 16:20:58
50764175,Diogo Oliveira,isabelladias@example.net,Avenida Moraes Brazil,2023-02-23 16:20:58
66354824,Carlos Eduardo Porto,tda-cunha@example.org,Colônia Ana Sophia Silva 864 Brazil,2023-02-23 16:20:59
